municipio,poblacion_total,hombres,mujeres,densidad,superficie_km2,poblacion_menor_35,poblacion_menor_65,poblacion_65_mas,renta_bruta_media,alquiler_m2_colectiva,alquiler_m2_unifamiliar,num_bancos
A Coruña,245468.0,113806.0,131662.0,6364.888022278336,38.56595734925966,74464.0,185187.0,59663.0,33.057,6.341972839193549,0.24579141048387096,20.0
A Fonsagrada,3328.0,1751.0,1577.0,7.590808397144948,438.42497740447857,671.0,2143.0,1446.0,19.939,0.9785345733333334,0.7555106566666666,2.0
Abegondo,5494.0,2701.0,2793.0,65.48556953419923,83.8963460053716,1418.0,3819.0,1635.0,27.317,0.0,1.916178535,1.0
Adra,25501.0,13058.0,12443.0,284.3106362345216,89.69414699970909,10527.0,21405.0,3454.0,20.359,2.1436112325,0.0,1.0
Agramunt,5464.0,2763.0,2701.0,68.84256073510433,79.3695054578902,1963.0,4327.0,1066.0,29.313,3.8876237799999998,0.7575757575,4.0
Alaior,9477.0,4776.0,4701.0,86.31382320164798,109.7970133689902,3360.0,7495.0,1517.0,29.822,6.198998926,4.650833308,8.0
Alange,1850.0,948.0,902.0,11.542446934973876,160.2779731561475,684.0,1476.0,404.0,18.853,0.0,0.0,1.0
Albacete,172722.0,84365.0,88357.0,153.25933477606057,1126.9917114828788,67232.0,145295.0,27755.0,28.2185,5.099009379912281,0.351007516491228,3.0
Albolote,19128.0,9428.0,9700.0,243.40376938871844,78.58547157276097,7860.0,16461.0,2285.0,29.146,5.126859339,2.268173151,1.0
Albuñol,7473.0,4135.0,3338.0,118.34918618003628,63.14365346485654,3237.0,6202.0,926.0,18.568,4.05944599,1.1695906433333334,1.0
Alburquerque,5245.0,2614.0,2631.0,7.249710832735666,723.4771318486931,1858.0,4079.0,1261.0,19.086,0.6185567,1.262127945,3.0
Alcalá de Henares,195982.0,95061.0,100921.0,2222.1104779392454,88.19633494629439,71904.0,160356.0,33395.0,32.213,8.24246127112,0.85781361208,7.0
Alcantarilla,42559.0,21073.0,21486.0,2619.9267282921064,16.2443474240761,17464.0,35892.0,5730.0,25.392,3.8046839738461538,0.5139861038461538,1.0
Alcarràs,9678.0,5070.0,4608.0,84.25012233103571,114.87223676629438,3955.0,8264.0,1158.0,26.498,5.2324684225,4.52886025,1.0
Alcobendas,116589.0,55719.0,60870.0,2576.369996713124,45.253205148616736,46173.0,97574.0,18463.0,60.576,10.681617661343283,3.445025360597015,5.0
Alcoletge,3492.0,1843.0,1649.0,210.97187244273132,16.551969509337834,1387.0,2992.0,427.0,28.703,5.11026678,2.12264151,1.0
Alcorcón,170817.0,81998.0,88819.0,5084.468139198022,33.5958443092817,57682.0,132059.0,37443.0,32.227,9.230539342750001,0.07427169616666666,2.0
Alcúdia,20651.0,10443.0,10208.0,343.3964386097941,60.13749031179093,8288.0,17413.0,2380.0,31.17,7.11302473090909,4.0991769063636365,2.0
Aldeadávila de la Ribera,1181.0,584.0,597.0,25.58241355171045,46.16452617392068,254.0,735.0,504.0,22.726,0.0,1.98019802,4.0
Aldeamayor de San Martín,5789.0,3001.0,2788.0,108.07050261515911,53.56688328372754,2187.0,5009.0,446.0,30.03,0.0,4.22724015,3.0
Alella,9954.0,4879.0,5075.0,1025.957620995483,9.702155134187384,3403.0,7798.0,1966.0,62.304,8.4228877825,8.78297242,2.0
Alfacar,5497.0,2808.0,2689.0,328.6071888503683,16.728179378032614,2126.0,4560.0,818.0,24.754,3.01245906,3.22326367,1.0
Alfaro,9562.0,4794.0,4768.0,49.30735000759249,193.92646326617867,3256.0,7436.0,2024.0,29.165,3.880471031666667,0.35921336333333337,1.0
Alfarràs,2759.0,1427.0,1332.0,244.60750272654087,11.279294254045944,959.0,2170.0,652.0,26.182,3.571524435,0.0,1.0
Algarinejo,2440.0,1258.0,1182.0,26.49024868187516,92.10936557456584,758.0,1837.0,754.0,14.94,0.0,0.0,1.0
Algeciras,122982.0,60664.0,62318.0,1398.0968010128622,87.9638662436712,49479.0,102817.0,18597.0,29.985,3.890246527586207,1.2827324788505747,6.0
Algemesí,27305.0,13532.0,13773.0,661.1969857866865,41.29631650923627,10432.0,22525.0,4760.0,25.681,3.5633061125,0.0,1.0
Alhaurín de la Torre,41868.0,20802.0,21066.0,506.2630867382322,82.70008439633328,16772.0,35024.0,4887.0,31.681,4.01746019,6.57236163952381,4.0
Alhendín,9674.0,4900.0,4774.0,191.3470396878212,50.55735388320058,4159.0,8221.0,947.0,26.518,5.344181848,3.156060916,1.0
Alicante/Alacant,337304.0,163052.0,174252.0,13281.984104612337,25.395603348363213,120889.0,269556.0,62021.0,28.18,5.635056940816327,0.5459344844489795,3.0
Almazán,5411.0,2759.0,2652.0,32.492817280298034,166.5291117517517,1912.0,4212.0,1314.0,26.686,4.197665626666667,1.04331843,6.0
Almendralejo,33741.0,16700.0,17041.0,205.4249488526305,164.24976707286612,13816.0,28163.0,5305.0,23.473,3.275633729,0.3756077585,18.0
Almería,200753.0,98141.0,102612.0,678.8538844726601,295.72343120043683,79407.0,165603.0,31248.0,25.8475,4.996637463458647,0.9100808494736843,12.0
Almogía,3859.0,2002.0,1857.0,23.691822723510487,162.88320426146598,1344.0,2995.0,775.0,19.537,0.0,0.0,1.0
Almoradí,21404.0,10773.0,10631.0,501.336958452754,42.69384021887769,8631.0,17474.0,3068.0,22.657,3.418421594545454,1.2654076181818181,7.0
Almuñécar,25890.0,12769.0,13121.0,310.5648073774578,83.36424277633466,9277.0,20878.0,5499.0,22.865,6.193106706,1.7593883666666665,2.0
Almussafes,8984.0,4493.0,4491.0,834.8070597641199,10.761768117459964,3459.0,7508.0,1424.0,30.098,3.93096462,1.536562695,2.0
Alpedrete,14959.0,7351.0,7608.0,1180.7931976510924,12.66860279154502,5709.0,12500.0,1864.0,39.829,6.1906349574999995,6.9835737175,4.0
Alzira,44865.0,21930.0,22935.0,406.05574552762073,110.48975539480008,16697.0,36430.0,7963.0,26.364,3.7150346018750002,0.577027338125,5.0
Amposta,21317.0,10776.0,10541.0,153.8393550475941,138.5666235626446,7631.0,16768.0,3838.0,25.903,4.329571221666667,1.2987214083333334,2.0
Ampuero,4368.0,2189.0,2179.0,134.53674954063874,32.46696545675487,1362.0,3329.0,890.0,26.494,3.9651922166666664,0.0,3.0
Anglès,5709.0,2850.0,2859.0,351.6012460441657,16.237143821961528,2136.0,4475.0,1044.0,30.009,4.847720313333333,4.86650356,1.0
Anglesola,1356.0,686.0,670.0,57.27300360382632,23.676076243177995,449.0,996.0,332.0,27.811,4.06976744,0.0,2.0
Antas de Ulla,1935.0,954.0,981.0,18.67718004403615,103.60236371003282,435.0,1202.0,806.0,20.319,0.0,0.0,1.0
Antequera,41348.0,20247.0,21101.0,55.27549689932219,748.034885607822,16314.0,34274.0,6880.0,25.736,3.2061611144827586,0.6876230168965518,4.0
Arahal,19497.0,9651.0,9846.0,96.9381595733295,201.12822531204927,8211.0,16511.0,3054.0,21.039,0.0,0.0,1.0
Aranjuez,59833.0,29126.0,30707.0,316.3855334605716,189.11420931784315,23311.0,49461.0,9576.0,31.151,7.02136767625,0.796884271875,4.0
Arbeca,2141.0,1114.0,1027.0,36.77193508981182,58.22375120511931,688.0,1572.0,590.0,26.422,1.833333335,0.0,3.0
Ares,5997.0,2951.0,3046.0,329.4259696023943,18.2043935614371,1594.0,4212.0,1459.0,29.846,3.4361514325,1.52615798,1.0
Arganda del Rey,56386.0,28161.0,28225.0,701.990353000214,80.32304113441685,22554.0,48134.0,6420.0,29.48,6.982030869230769,2.7762105561538464,1.0
Ariany,897.0,458.0,439.0,38.76904446036496,23.137015948820626,263.0,620.0,240.0,30.415,0.0,3.80978227,1.0
Arjonilla,3545.0,1794.0,1751.0,83.29924532911288,42.55740836539165,1372.0,2916.0,694.0,18.05,0.0,0.0,3.0
Arquillos,1708.0,863.0,845.0,25.886807219070764,65.97955420094138,686.0,1437.0,330.0,16.057,0.0,0.0,1.0
Arroyo del Ojanco,2243.0,1134.0,1109.0,39.13817489257711,57.30977507654308,837.0,1854.0,469.0,16.409,0.0,0.0,3.0
Artés,5782.0,2908.0,2874.0,323.81969033843274,17.855615864362896,2073.0,4642.0,1006.0,31.002,5.27687185,4.2069638975,2.0
Artesa de Lleida,1525.0,808.0,717.0,63.39253622432432,24.056459811034397,523.0,1234.0,304.0,28.12,0.0,2.90329928,2.0
Artesa de Segre,3441.0,1772.0,1669.0,19.51145179607591,176.35796843636436,1235.0,2700.0,747.0,26.561,3.627170355,2.6849162399999997,3.0
Arzúa,5964.0,2981.0,2983.0,38.35868058754857,155.47980036456067,1610.0,4238.0,1815.0,24.774,1.36374715,0.885823712,1.0
As Pontes de García Rodríguez,10032.0,4900.0,5132.0,40.15461007765703,249.83432738105557,2870.0,7758.0,2479.0,31.627,2.0931452925,0.8095929625,1.0
Aspe,21088.0,10612.0,10476.0,299.06264058732546,70.51365546223204,8037.0,17096.0,3441.0,23.223,2.004251797368421,0.22025051421052633,1.0
Astorga,10553.0,4940.0,5613.0,225.5951746605573,46.77848281054156,3231.0,8044.0,2985.0,25.792,3.3963316642857144,0.96841782,3.0
Atarfe,19198.0,9627.0,9571.0,406.2820703432501,47.25288512924148,8336.0,16451.0,2103.0,23.556,3.8071063808333334,2.106571695,6.0
Ávila,57949.0,27608.0,30341.0,251.1828621855667,230.7044337968764,20946.0,46405.0,11252.0,27.118499999999997,4.842496725128205,1.0619150912820514,2.0
Avilés,76874.0,36292.0,40582.0,2876.654908097359,26.72340007958933,22374.0,59406.0,19309.0,29.817,5.233194347352941,0.2995847267647059,5.0
Avinyó,2286.0,1148.0,1138.0,35.94268596718593,63.60125679218898,801.0,1754.0,496.0,30.176,4.86111111,2.96709604,1.0
Badajoz,150610.0,72942.0,77668.0,104.55268358392335,1440.5177833537568,59259.0,126356.0,24174.0,26.225499999999997,4.282166172314815,0.7702028377777778,28.0
Badalona,223006.0,110001.0,113005.0,10637.405799712573,20.96432195959148,80641.0,177176.0,40565.0,31.215,9.219554442896552,1.1116502830344828,13.0
Baeza,15762.0,7799.0,7963.0,81.7640612747876,192.77418164232384,6362.0,13218.0,2684.0,23.708,2.3173894184615382,0.0,8.0
Bagà,2145.0,1065.0,1080.0,49.75845360921124,43.10825285782032,637.0,1588.0,564.0,30.066,4.59134615,2.62482759,3.0
Baiona,12286.0,6043.0,6243.0,356.45414065601244,34.467266889897935,3996.0,9715.0,2419.0,31.383,4.7756938175,3.80946220875,1.0
Balaguer,17409.0,8918.0,8491.0,304.92844940235267,57.09208187730903,6704.0,13876.0,2965.0,27.99,4.065418378888889,1.4735402177777779,6.0
Baños de la Encina,2596.0,1344.0,1252.0,6.6171130749028215,392.3161007851033,951.0,2094.0,517.0,18.98,0.0,0.0,3.0
Banyoles,20168.0,10040.0,10128.0,1829.571228455542,11.02334781304202,8009.0,16323.0,3292.0,33.766,5.805266677500001,3.8802160391666667,2.0
Barbastro,17146.0,8342.0,8804.0,159.35354766412928,107.59722799607049,6163.0,13507.0,3437.0,29.24,4.90936945090909,0.0,1.0
Barbate,22761.0,11407.0,11354.0,160.09995976073012,142.16743111001642,8835.0,18928.0,3623.0,20.937,1.830659274375,0.4826574225,2.0
Barcelona,1636732.0,778744.0,857988.0,16243.155434131124,100.76441160938457,579906.0,1271353.0,348990.0,40.293499999999995,12.452728309625467,0.5738076721722847,70.0
Bargas,10611.0,5313.0,5298.0,118.28154976562578,89.70968017434365,4047.0,8660.0,1432.0,31.447,5.874969972,4.081745870000001,3.0
Beas de Segura,5115.0,2678.0,2437.0,32.094727557273266,159.37197132682454,1933.0,4128.0,1063.0,16.944,0.5476190479999999,0.0,1.0
Begíjar,2998.0,1503.0,1495.0,70.05954917053822,42.79216802697802,1183.0,2517.0,558.0,16.731,0.0,0.0,3.0
Bellpuig,5151.0,2737.0,2414.0,147.07958135674767,35.02185655197124,1926.0,4151.0,909.0,29.096,4.63358539,2.0646316833333334,4.0
Bellvís,2258.0,1153.0,1105.0,48.65062926160987,46.41255486867431,765.0,1701.0,565.0,27.156,4.21686747,1.2295082,2.0
Bélmez de la Moraleda,1542.0,768.0,774.0,31.18904393951496,49.44043821895941,543.0,1191.0,376.0,16.108,0.0,0.0,2.0
Belmonte,1810.0,891.0,919.0,19.539429598598016,92.63320563512612,561.0,1388.0,550.0,20.759,0.0,0.0,2.0
Belvís de la Jara,1543.0,776.0,767.0,13.532276921077292,114.02367901566436,439.0,1012.0,517.0,20.076,0.0,0.0,1.0
Bembibre,8455.0,4067.0,4388.0,133.3193673150486,63.41914284681451,2783.0,6882.0,2097.0,25.661,2.601281474285714,0.6763833057142856,1.0
Benaguasil,11369.0,5831.0,5538.0,451.0581219639871,25.20517744032045,4050.0,8855.0,2023.0,24.485,4.337854937142857,2.439664315714286,1.0
Benalmádena,70204.0,34383.0,35821.0,2608.842237906849,26.91002122701246,25232.0,57505.0,10241.0,30.392,8.03026104388889,3.8031048466666664,1.0
Benavente,17523.0,8428.0,9095.0,388.4059577894444,45.11516790249456,6356.0,14554.0,3541.0,24.182,3.3125273793333334,0.0,9.0
Benetússer,15430.0,7511.0,7919.0,19820.82585467317,0.778474121771372,5143.0,11790.0,2878.0,25.518,5.224505641,0.0,2.0
Benicarló,27658.0,13799.0,13859.0,578.2212649451747,47.832900096855575,10031.0,21903.0,4841.0,24.56,4.178565718571429,1.3127585592857145,5.0
Benidorm,69118.0,34455.0,34663.0,1794.91385406797,38.50769764986317,23870.0,54228.0,13330.0,25.31,6.712952871333333,0.6452485691111112,11.0
Benifaió,11967.0,5918.0,6049.0,593.756751571519,20.154718187753616,4101.0,9441.0,2489.0,27.49,4.012850515555556,0.7889647177777778,4.0
Bescanó,5094.0,2567.0,2527.0,141.2765182130442,36.05694749865138,1945.0,4173.0,768.0,34.061,4.446437406666667,5.5027254433333335,1.0
Betanzos,13030.0,6187.0,6843.0,538.1808323377727,24.211192998828544,3874.0,9807.0,3109.0,27.769,3.8459167833333336,1.1760310733333332,2.0
Bienvenida,2087.0,1074.0,1013.0,22.643246609841203,92.16876166039496,747.0,1640.0,488.0,18.677,0.0,0.0,1.0
Biescas,1550.0,813.0,737.0,8.19701470080732,189.0932316916964,478.0,1164.0,315.0,29.014,6.25,4.50819672,3.0
Blanes,40274.0,20054.0,20220.0,2265.7194385314924,17.775369410302304,13941.0,31486.0,7304.0,28.914,7.0195714449999995,2.003289583181818,1.0
Boal,1452.0,732.0,720.0,12.071325609243996,120.28504962935352,307.0,961.0,610.0,23.011,3.29113924,2.39130435,4.0
Boiro,18955.0,9206.0,9749.0,219.6391227008133,86.30065430474336,6340.0,14869.0,3975.0,24.063,2.399713208666667,0.0,1.0
Bollullos de la Mitación,11099.0,5546.0,5553.0,177.4043061651321,62.56330660693653,4498.0,9415.0,1232.0,29.217,0.0,4.624203368333333,2.0
Borox,3981.0,2088.0,1893.0,66.29333031399489,60.05128994341062,1501.0,3161.0,545.0,22.84,5.1480074049999995,3.4181489899999997,2.0
Borriana/Burriana,34903.0,17321.0,17582.0,743.5562477140937,46.94063173741312,13066.0,28547.0,5997.0,27.115,3.9031598533333334,1.1801068445833334,7.0
Bossòst,1120.0,546.0,574.0,40.20590114854907,27.85660731398426,386.0,907.0,203.0,30.339,5.35714286,3.57653699,2.0
Brihuega,2467.0,1297.0,1170.0,8.322895089208904,296.4112815982269,701.0,1772.0,627.0,25.537,4.13033564,1.50974026,1.0
Bullas,11619.0,5824.0,5795.0,140.8441300639291,82.49545078468049,4383.0,9373.0,2174.0,21.936,0.5676190475,0.29590958333333334,1.0
Buñol,9438.0,4719.0,4719.0,83.96458015852886,112.40453989266231,3242.0,7406.0,2111.0,26.843,3.5631439414285713,0.4721083385714286,5.0
Burgos,174051.0,82859.0,91192.0,1625.690058164912,107.06284332972407,60288.0,137707.0,38214.0,31.069000000000003,6.389926961125828,0.37126341860927153,7.0
Burjassot,38712.0,18672.0,20040.0,11257.906180501035,3.438650081047052,13967.0,30920.0,6664.0,25.241,5.0587336246153844,0.4085110084615385,3.0
Cabana de Bergantiños,4185.0,2022.0,2163.0,41.88122792971501,99.92543692900452,1057.0,2893.0,1444.0,22.127,1.06707317,0.0,1.0
Cabra,20245.0,9870.0,10375.0,88.37641566988592,229.07695278819105,7447.0,16331.0,4086.0,21.879,3.1450677620000005,0.8636187346666666,5.0
Cabrerizos,4284.0,2132.0,2152.0,368.7721166101777,11.616930367131143,1648.0,3743.0,513.0,34.931,4.597180015,4.067628215,1.0
Cáceres,95418.0,45735.0,49683.0,54.5174327471092,1750.2291504190382,35358.0,79918.0,16150.0,26.4325,4.436296580140845,0.9175188159154929,38.0
Cádiz,114244.0,53995.0,60249.0,9286.82451145046,12.301729171164972,37776.0,89924.0,27055.0,29.054499999999997,7.660893925887851,0.0,12.0
Cájar,5262.0,2592.0,2670.0,3190.7869693455264,1.6491229438232624,2026.0,4330.0,740.0,31.89,4.4717071325,4.096402535,1.0
Calasparra,10133.0,5141.0,4992.0,54.60902486090855,185.5554100409076,3804.0,8162.0,2003.0,21.742,2.291129901111111,0.0,1.0
Càlig,2002.0,1012.0,990.0,72.88902646627209,27.46641157193099,640.0,1498.0,447.0,23.284,3.65075248,2.06068841,1.0
Cambados,13673.0,6600.0,7073.0,584.107299086336,23.408370382269467,4735.0,10949.0,2865.0,22.497,2.350404921111111,0.0,2.0
Cambil,2662.0,1389.0,1273.0,19.030086497810156,139.8837572444205,983.0,2079.0,660.0,14.973,0.0,0.0,1.0
Cambre,24616.0,11986.0,12630.0,604.2088893868226,40.74087692582839,8286.0,20485.0,4118.0,30.356,3.4043340826666664,2.2084061746666666,4.0
Campillo de Arenas,1743.0,878.0,865.0,14.937254431252882,116.68811079184408,684.0,1405.0,379.0,18.199,0.0,0.0,2.0
Campillos,8301.0,4162.0,4139.0,44.285580192244815,187.44250304422232,3342.0,7064.0,1453.0,22.303,1.9886339120000003,1.118899734,1.0
Campo Real,6416.0,3251.0,3165.0,103.79833741812776,61.81216539292549,2470.0,5328.0,747.0,28.779,6.728552616666666,4.959646213333333,1.0
Camponaraya,4105.0,2017.0,2088.0,140.92758450005562,29.12843510773705,1319.0,3254.0,808.0,23.611,2.43938644,1.7735480633333331,3.0
Campos,11425.0,5698.0,5727.0,76.3450161114093,149.64958528959698,3951.0,8714.0,1896.0,30.896,6.5900424,4.83151021,1.0
Camuñas,1726.0,894.0,832.0,16.915759494878543,102.03502837236294,624.0,1302.0,438.0,19.744,0.0,0.0,2.0
Canena,1822.0,944.0,878.0,126.9094101881747,14.356697405641022,660.0,1452.0,430.0,20.343,0.0,0.0,3.0
Canet de Mar,14810.0,7227.0,7583.0,2682.878093392632,5.520191184412715,4961.0,11540.0,3043.0,33.06,7.747658018999999,4.34317351,1.0
Cangas,26708.0,13265.0,13443.0,705.8698850624237,37.83700164179419,8519.0,21232.0,5255.0,27.64,4.029384677222222,1.0514130672222222,1.0
Cangas de Onís,6195.0,2996.0,3199.0,29.052431982753472,213.23516061159927,1884.0,4741.0,1537.0,24.15,2.4324808475,2.962499285,2.0
Carmona,29123.0,14675.0,14448.0,31.584209599238555,922.0746812895424,11075.0,23873.0,4747.0,24.282,2.394409100952381,0.8775232461904762,7.0
Carral,6574.0,3232.0,3342.0,137.0967140761472,47.95155043868245,1933.0,4779.0,1515.0,27.794,2.379840522,2.4925865199999997,3.0
Cartagena,216365.0,107458.0,108907.0,386.2377384126191,560.1860680140389,85634.0,178437.0,35506.0,29.082,3.4696073399450547,1.8071860056043956,33.0
Cartes,5750.0,2872.0,2878.0,303.68544397363587,18.93406521156536,2306.0,5178.0,600.0,26.662,4.49608642,4.0985153575,1.0
Casar de Cáceres,4516.0,2228.0,2288.0,34.659563525080394,130.29592818536582,1656.0,3695.0,805.0,21.694,1.557031425,0.77726018,4.0
Caso,1441.0,824.0,617.0,4.699651025255547,306.618511088628,243.0,944.0,609.0,21.668,0.0,0.0,1.0
Caspe,10183.0,5401.0,4782.0,20.238432386640262,503.1516179445782,3646.0,7644.0,1881.0,23.293,3.3981279383333334,1.1472222216666668,1.0
Castellanos de Moriscos,2809.0,1453.0,1356.0,203.15765955629053,13.82669994395012,1164.0,2471.0,144.0,26.177,4.75604268,4.61864407,1.0
Castellar,3267.0,1648.0,1619.0,20.761417148998685,157.35920031632168,1351.0,2781.0,583.0,17.822,0.0,0.40750706,2.0
Castellbisbal,12610.0,6348.0,6262.0,406.99096369775503,30.98348888493899,4983.0,10725.0,1607.0,34.724,6.581819186666666,4.760932021666666,1.0
Castelldefels,67226.0,32930.0,34296.0,5195.992434910413,12.9380480903566,25280.0,56770.0,9605.0,45.548,11.721366474054054,5.856444631621621,1.0
Castilléjar,1288.0,671.0,617.0,9.807734420685556,131.32492630341525,340.0,884.0,453.0,17.233,0.0,0.0,2.0
Castillo de Locubín,4019.0,1994.0,2025.0,39.18984608066294,102.55207411960356,1223.0,2864.0,1256.0,17.442,0.0,0.0,2.0
Catral,8880.0,4450.0,4430.0,443.4856620588088,20.02319524553752,3361.0,7014.0,1617.0,21.266,3.9225153374999997,3.370747195,2.0
Cazalla de la Sierra,4752.0,2334.0,2418.0,13.342577042579192,356.1530868313737,1737.0,3842.0,947.0,20.422,0.0,0.0,1.0
Cazorla,7248.0,3512.0,3736.0,23.731961500367373,305.41091177346635,2731.0,6004.0,1570.0,21.529,2.9203514033333335,0.0,5.0
Cehegín,14798.0,7412.0,7386.0,49.30632903566339,300.12374251785343,5506.0,12075.0,2947.0,21.544,1.0773033513333334,0.209643606,3.0
Cerceda,4996.0,2466.0,2530.0,44.961563919805016,111.11713126596388,1324.0,3491.0,1532.0,25.756,0.7929334025,2.52328154,1.0
Cercedilla,7359.0,3645.0,3714.0,205.75390621150925,35.766028142547896,2568.0,5783.0,1165.0,33.037,7.140794293333333,5.8004243833333335,2.0
Cerdanyola del Vallès,57217.0,27911.0,29306.0,1854.0352618579896,30.86079384631605,21182.0,47075.0,10665.0,39.042,8.490504331470587,3.424869090882353,4.0
Cervelló,9233.0,4633.0,4600.0,382.866113647532,24.11547972224028,3249.0,7505.0,1465.0,38.804,4.654580564,6.948959156000001,2.0
Chilluévar,1392.0,685.0,707.0,35.896302521037605,38.7783671921139,533.0,1103.0,356.0,15.129,0.0,0.0,1.0
Cobisa,4377.0,2187.0,2190.0,297.3417260614655,14.720436509120152,1778.0,3935.0,334.0,35.791,2.89732647,3.8548540950000003,1.0
Cogollos de la Vega,2015.0,1029.0,986.0,40.40361971954911,49.871769261927085,818.0,1646.0,398.0,19.916,0.0,1.2,1.0
Colindres,8504.0,4203.0,4301.0,1435.6121392449902,5.923605525147189,3074.0,6971.0,1482.0,27.362,5.139634146000001,0.0,3.0
Collado Villalba,63825.0,30921.0,32904.0,2530.9952202503528,25.21735303541457,25329.0,54719.0,8355.0,31.325,8.366587890625,2.8829200275,3.0
Colmenar Viejo,52480.0,25888.0,26592.0,286.82050288645974,182.97157794460264,20573.0,43047.0,6451.0,39.354,7.199914245416667,5.887930109166667,6.0
Colunga,3236.0,1600.0,1636.0,33.47466734353821,96.67011674201632,735.0,2181.0,1151.0,25.248,3.2010345866666667,2.3409380333333334,2.0
Cómpeta,3866.0,1939.0,1927.0,71.28235302604891,54.23502221632943,1034.0,2656.0,1089.0,19.683,2.102520355,1.95113696,1.0
Conil de la Frontera,23182.0,11661.0,11521.0,265.3316906787135,87.36988763272444,8922.0,19047.0,3380.0,25.356,3.560190704375,1.852446685625,1.0
Consell,4243.0,2111.0,2132.0,309.6712112334825,13.70162884402228,1592.0,3403.0,605.0,32.008,5.896181193333334,5.059057076666667,1.0
Córdoba,322071.0,154617.0,167454.0,256.7078016196796,1254.6210047685188,121952.0,266005.0,59703.0,27.106,5.203163431027668,0.6362511448616601,23.0
Coria del Río,30774.0,15307.0,15467.0,491.0797230450728,62.66599608140504,12772.0,26365.0,4292.0,22.578,3.807630946666667,3.075477662222222,2.0
Cornellà de Llobregat,89300.0,43334.0,45966.0,12951.548310146558,6.894928533759953,31640.0,69556.0,17617.0,30.855,10.354305507846155,0.36659398,5.0
Coslada,81273.0,39711.0,41562.0,6753.112172019283,12.034895605132254,28953.0,67276.0,14584.0,30.516,8.400942639444445,0.4777548990740741,1.0
Cubelles,16051.0,8073.0,7978.0,1189.222828483801,13.497050019182872,5318.0,12490.0,2502.0,34.598,7.5002430559999995,4.933798162,2.0
Cudillero,4968.0,2461.0,2507.0,48.94509982580999,101.50147854801692,1179.0,3485.0,1593.0,27.325,1.75263053,1.366425658,3.0
Cuenca,53988.0,25588.0,28400.0,59.27035404609147,910.8769614910068,20393.0,44963.0,9935.0,26.994,4.919638736944445,0.699349558888889,4.0
Cuevas del Campo,1742.0,877.0,865.0,18.03195260153858,96.60628765469156,555.0,1280.0,494.0,17.294,0.0,0.0,2.0
Culleredo,30758.0,14820.0,15938.0,494.9098380391257,62.14869383454929,10437.0,25202.0,5019.0,30.685,4.1723264095,1.2417375895,2.0
Daimiel,17771.0,8913.0,8858.0,40.5673423343231,438.0617259456103,6843.0,14522.0,3529.0,24.047,2.8193142816666668,0.33450698416666663,6.0
Daimús,3277.0,1623.0,1654.0,1043.494050990519,3.140410812011207,1094.0,2564.0,564.0,28.553,5.121930450000001,5.39324797,1.0
Dénia,42953.0,20826.0,22127.0,647.4314824058979,66.3436999393107,14720.0,34145.0,7588.0,28.14,5.7804337825,2.7166519179166664,1.0
Dos Hermanas,136250.0,66833.0,69417.0,852.6488536881908,159.79614516649067,55621.0,116270.0,16898.0,29.173,4.917279009523809,1.9009842958333334,13.0
Dos Torres,2399.0,1191.0,1208.0,18.588926703442628,129.05532623116486,900.0,1911.0,505.0,23.447,0.0,0.0,1.0
Duruelo de la Sierra,1066.0,553.0,513.0,23.773775686348586,44.839322708513656,286.0,751.0,360.0,21.77,0.0,0.0,1.0
Écija,39838.0,19621.0,20217.0,40.71441500240199,978.474085840352,16413.0,33684.0,6198.0,22.745,2.816724999,0.3619085593333333,12.0
Eivissa,50643.0,25538.0,25105.0,4528.822976204447,11.18237570028478,20297.0,43708.0,6019.0,36.346,11.293578767142858,3.8992311175000003,1.0
El Astillero,18116.0,8824.0,9292.0,2763.5434578486675,6.5553519516942,6297.0,15092.0,3016.0,28.092,6.03590659923077,0.78937175,2.0
El Ejido,84005.0,43349.0,40656.0,371.4824089783823,226.13453011415277,39159.0,76873.0,7837.0,20.941,3.39146368122449,0.763372763877551,2.0
El Escorial,16594.0,8155.0,8439.0,241.01200152850805,68.85134306491032,5758.0,13176.0,2666.0,38.524,6.8973571088888885,5.256955976666666,2.0
El Masnou,23848.0,11505.0,12343.0,7086.898727512829,3.3650826570185144,8219.0,18933.0,4407.0,41.913,9.60021834142857,7.987119657857143,2.0
El Prat de Llobregat,65532.0,32073.0,33459.0,1948.770921300856,33.62734905560664,23489.0,52103.0,12029.0,31.849,9.308877009,0.8519646104999999,1.0
El Provencio,2416.0,1208.0,1208.0,23.778945064745923,101.60248881612088,822.0,1758.0,660.0,19.624,0.0,2.1665709900000003,3.0
El Puerto de Santa María,89060.0,43569.0,45491.0,559.8235158009053,159.08585024797915,35129.0,75051.0,13313.0,30.847,5.299048933230769,2.8723672664615387,3.0
el Verger,4841.0,2412.0,2429.0,593.3184196393049,8.159193848967274,1584.0,3553.0,967.0,23.028,4.1068463049999995,3.03794643,1.0
Enguera,4779.0,2398.0,2381.0,19.755241171090898,241.9104863672034,1554.0,3755.0,1045.0,23.767,3.0506638099999996,2.7400316633333333,1.0
Escalonilla,1397.0,690.0,707.0,27.419497439001503,50.9491467926362,489.0,1099.0,338.0,22.377,0.0,2.32381707,1.0
Espiel,2424.0,1210.0,1214.0,5.543479043907573,437.2705264691203,835.0,1857.0,581.0,22.613,0.0,0.0,1.0
Esplugues de Llobregat,46777.0,22274.0,24503.0,10329.581862341543,4.528450485545253,16036.0,35827.0,10528.0,42.032,11.635207061034484,1.8731526355172414,3.0
Esporles,5134.0,2544.0,2590.0,145.46913760813533,35.29270939812653,1885.0,4196.0,824.0,47.908,5.449543136666667,6.18343093,1.0
Estepona,71925.0,35203.0,36722.0,523.5702923149165,137.3741044053329,25942.0,56609.0,10403.0,28.431,6.839304209444445,2.8585964727777777,2.0
Felanitx,18164.0,9163.0,9001.0,106.99557196431796,169.764034777603,6894.0,14299.0,3198.0,30.118,4.464706643636363,4.061785338181818,1.0
Ferrol,64785.0,30473.0,34312.0,777.3813028005899,83.33748157642317,18839.0,48309.0,18490.0,29.212,3.391452557741936,0.2717199075806451,6.0
Figueres,47043.0,23220.0,23823.0,2457.524009874256,19.142437596126296,19649.0,39352.0,7029.0,28.829,5.1466788172,2.2530928068,1.0
Fregenal de la Sierra,4811.0,2349.0,2462.0,20.330116340002053,236.6439974833668,1744.0,3852.0,1066.0,22.202,1.65394251,0.0,1.0
Fuengirola,82585.0,40285.0,42300.0,8011.182776564058,10.308714992946417,26019.0,59373.0,16023.0,27.876,7.891920524615385,2.197966952051282,3.0
Fuenlabrada,192233.0,94533.0,97700.0,4893.79926996539,39.28093274683077,77552.0,171580.0,22006.0,27.013,8.249706057627119,0.1782193559322034,36.0
Fuenmayor,3191.0,1618.0,1573.0,93.19323987001738,34.24068102418902,1066.0,2565.0,543.0,31.629,4.16877373,0.0,3.0
Fuensalida,11785.0,5961.0,5824.0,172.36358656146564,68.37291005079786,4652.0,9391.0,1641.0,23.009,3.974405605,1.7848201233333334,2.0
Fuente de Cantos,4684.0,2332.0,2352.0,18.604593979582837,251.76577382663356,1773.0,3856.0,928.0,22.166,0.0,0.0,3.0
Fuente de Piedra,2770.0,1389.0,1381.0,30.59231800634027,90.54560688817097,956.0,2074.0,480.0,20.826,0.0,3.71287129,1.0
Fuentes de Oñoro,1119.0,606.0,513.0,19.472880490001213,57.46453384616496,345.0,923.0,265.0,28.131,0.0,0.0,2.0
Galera,1107.0,567.0,540.0,9.358397894241698,118.28947780486514,272.0,729.0,361.0,18.792,0.0,0.0,2.0
Gandesa,3098.0,1587.0,1511.0,43.56160355816383,71.11767581887851,1111.0,2342.0,667.0,25.966,3.38066935,2.691251405,1.0
Gandia,75970.0,37304.0,38666.0,1242.5006062581715,61.14282730918414,27485.0,60892.0,12937.0,26.291,4.2522688673913045,0.7428980497826088,1.0
Garrucha,9875.0,5220.0,4655.0,1271.5762029901618,7.765952191287117,3781.0,7719.0,1119.0,21.509,4.69501966,0.9134615375,5.0
Gata,1413.0,722.0,691.0,15.004556924346993,94.17139120630812,390.0,1013.0,480.0,16.171,0.0,0.0,1.0
Gavà,46931.0,22963.0,23968.0,1514.4415444065448,30.988980838075577,17361.0,38727.0,7978.0,38.259,9.387784069642858,2.9775999221428573,1.0
Getafe,183095.0,89299.0,93796.0,2328.2566859395256,78.64038407179119,67096.0,146380.0,34367.0,33.001,7.750612542459016,0.8406224086885246,5.0
Gijón,268896.0,126485.0,142411.0,1461.767112906714,183.9526950810257,75593.0,202419.0,69424.0,31.516,6.280486293811881,0.49995022633663366,61.0
Gines,13529.0,6665.0,6864.0,4638.328473223652,2.916783508994848,5575.0,11732.0,1739.0,33.164,2.3112141014285714,5.0732703557142855,1.0
Girona,101932.0,49050.0,52882.0,2622.1734115893955,38.87309647389616,41472.0,84709.0,15557.0,34.688500000000005,7.768563915901639,2.021577840327869,4.0
Gironella,4916.0,2434.0,2482.0,719.7490280642332,6.830158580723053,1558.0,3595.0,1239.0,29.472,4.19482522,2.2924836600000003,3.0
Golmés,1855.0,931.0,924.0,110.66260393439812,16.762663574224785,730.0,1536.0,328.0,31.526,0.0,3.20512821,1.0
Granada,231775.0,106987.0,124788.0,2630.519583755383,88.10996938829602,83420.0,182778.0,49430.0,29.338,5.717071794945652,0.7527756500000001,11.0
Granollers,62475.0,30903.0,31572.0,4177.494400649594,14.955136741843445,23197.0,50216.0,10765.0,34.213,7.986098585714285,1.497309459142857,3.0
Guadalajara,87064.0,41856.0,45208.0,369.7186960172221,235.48714451796192,32959.0,70402.0,14508.0,30.8975,6.074283224576271,1.4642468079661017,2.0
Guadix,18462.0,9191.0,9271.0,56.94702496805928,324.1960402734832,7239.0,15354.0,3364.0,23.926,3.0516726533333336,0.0,1.0
Guardamar del Segura,15983.0,7779.0,8204.0,470.9683913081802,33.9364600575529,5076.0,11620.0,3438.0,25.79,4.891670341428571,2.693222744285715,3.0
Guissona,7291.0,3917.0,3374.0,401.1837390113084,18.173717653582376,3246.0,6375.0,659.0,29.019,4.15808892,2.91441959,4.0
Hervás,3952.0,1933.0,2019.0,66.11236895228065,59.77701393293773,1332.0,3145.0,907.0,21.528,3.47537429,2.25619612,4.0
Higueruela,1144.0,599.0,545.0,5.568174809794473,205.45331981813732,377.0,859.0,325.0,23.799,0.0,0.0,1.0
Híjar,1771.0,909.0,862.0,10.710179248044277,165.35670962961632,552.0,1244.0,465.0,24.802,3.240697595,0.0,3.0
Hondón de los Frailes,1299.0,658.0,641.0,103.54097007852188,12.54575844725893,220.0,687.0,445.0,18.806,0.0,4.60821147,1.0
Huelva,142538.0,68393.0,74145.0,940.068352474888,151.62514472989622,53674.0,118501.0,25757.0,25.3525,5.206827429633028,0.04942094339449542,7.0
Huesa,2475.0,1251.0,1224.0,17.879384673396313,138.42758267194085,1000.0,2087.0,440.0,15.23,0.0,0.0,1.0
Huétor Tájar,10514.0,5288.0,5226.0,263.2285711253776,39.94247263908184,4291.0,8688.0,1598.0,18.875,2.3075108471428574,0.2971415842857143,6.0
Huétor Vega,12120.0,6083.0,6037.0,2860.058799831954,4.237675113781621,4745.0,10432.0,1534.0,32.349,3.9878588616666666,4.28272591,1.0
Ibros,2808.0,1402.0,1406.0,50.14458263668967,55.998073019067256,1078.0,2305.0,579.0,17.303,0.0,0.0,3.0
Illescas,30229.0,15247.0,14982.0,532.7249611237223,56.74410287859496,12676.0,25504.0,2560.0,30.171,4.753266155,4.27868796125,1.0
Irixoa,1340.0,677.0,663.0,19.580103695751983,68.43681835508976,251.0,825.0,508.0,24.505,0.0,1.54491266,2.0
Jaca,13344.0,6544.0,6800.0,32.828096242441454,406.4810795439411,4520.0,10372.0,2441.0,30.015,5.9071768350000005,1.83078934,10.0
Jaén,111932.0,53799.0,58133.0,263.84857386300723,424.2281789179433,43796.0,93555.0,19902.0,25.612499999999997,4.806555343793104,0.4860239708045977,37.0
Jamilena,3302.0,1668.0,1634.0,367.4025141893306,8.987418083640023,1290.0,2732.0,595.0,17.96,1.483293985,0.0,1.0
Jerez de la Frontera,212801.0,103879.0,108922.0,179.1382087547428,1187.915193968165,83312.0,179450.0,33429.0,26.725,3.507534629272727,0.8773023541818182,2.0
Jimena,1249.0,605.0,644.0,25.99749134037884,48.04309706837273,439.0,979.0,307.0,16.461,0.0,0.0,2.0
Jódar,11583.0,5783.0,5800.0,77.8529073116428,148.78057095072387,5054.0,10043.0,1762.0,15.602,0.4499437571428571,0.0,1.0
Juneda,3569.0,1916.0,1653.0,75.40684731956206,47.32991932251396,1238.0,2668.0,741.0,29.81,3.85582702,1.32854278,2.0
La Carlota,14228.0,7070.0,7158.0,179.5110596135712,79.25974048968484,5803.0,11827.0,2240.0,20.76,1.5341182122222223,0.34391534444444444,2.0
La Fuliola,1247.0,635.0,612.0,112.03264026638176,11.13068474540088,453.0,933.0,284.0,26.455,0.0,2.56410256,1.0
La Garrovilla,2334.0,1147.0,1187.0,69.74323099301478,33.46561331857087,864.0,1904.0,497.0,19.412,0.0,0.0,2.0
La Guardia de Jaén,5082.0,2584.0,2498.0,132.24710605512044,38.42806206951575,2220.0,4459.0,506.0,31.123,2.0391887025,2.6204816199999996,2.0
La Jonquera,3340.0,1676.0,1664.0,58.33089449065304,57.25953680575227,1380.0,2764.0,469.0,31.366,5.5344841250000005,3.6912566399999998,1.0
La Línea de la Concepción,63365.0,31010.0,32355.0,2376.203594828526,26.66648604433772,25263.0,52440.0,10500.0,26.688,3.4532803512499997,0.4334684377083333,6.0
La Muela,6125.0,3184.0,2941.0,42.6870406769494,143.4861705769977,2358.0,4940.0,539.0,33.379,5.67525759,4.786927393333333,3.0
la Pobla de Farnals,8205.0,4126.0,4079.0,2266.47137161973,3.6201648530580433,2838.0,6539.0,1301.0,30.444,5.665581156,1.277358654,3.0
La Pobla de Segur,3050.0,1522.0,1528.0,91.90859863487604,33.18514312373199,946.0,2158.0,781.0,29.813,3.33027244,0.0,3.0
la Pobla de Vallbona,25275.0,12763.0,12512.0,760.2071331282262,33.24751754958447,9780.0,21320.0,2748.0,32.239,3.1058880809090907,4.826099626363637,2.0
La Puebla de Alfindén,6446.0,3287.0,3159.0,378.5205442495276,17.0294587649929,2639.0,5647.0,526.0,28.889,5.806822056666667,3.8644321266666672,2.0
La Puerta de Segura,2250.0,1137.0,1113.0,23.088034010643888,97.4530788963114,825.0,1811.0,528.0,18.585,1.286468815,0.0,3.0
La Robla,3714.0,1845.0,1869.0,43.5800353702878,85.22250999667955,1078.0,2931.0,953.0,26.914,2.141760816666667,0.61904762,6.0
La Roda,15401.0,7794.0,7607.0,38.707677333153775,397.8797246717975,5982.0,12767.0,2748.0,23.788,2.79371844,1.170079012,1.0
La Selva del Camp,5694.0,2854.0,2840.0,161.55708889425293,35.244507306807215,2252.0,4756.0,876.0,31.79,5.581550933333333,1.6683103233333334,1.0
Langreo,38683.0,18413.0,20270.0,463.0574587406353,83.53822893859673,10824.0,30006.0,9978.0,27.304,3.743941902647059,0.2426101235294118,3.0
Laredo,10996.0,5227.0,5769.0,718.7769455125444,15.2982090878819,3174.0,8226.0,2922.0,27.205,6.314402537777777,0.6174648666666667,4.0
Las Rozas de Madrid,94862.0,45806.0,49056.0,1625.9260829658335,58.3433656633168,40071.0,83264.0,12286.0,58.173,9.695324519387755,3.735986975714286,1.0
Leganés,187762.0,90732.0,97030.0,4339.985918582395,43.263274011112514,65860.0,147723.0,40702.0,29.802,8.742342238111888,0.05836049916083916,8.0
León,122051.0,55166.0,66885.0,3126.689567194877,39.03521516192559,37182.0,91559.0,33213.0,29.633499999999998,5.12859243981132,0.29855914566037733,9.0
Liérganes,2403.0,1184.0,1219.0,65.21034981861966,36.84997867184981,672.0,1811.0,559.0,27.246,2.65060241,0.0,1.0
Linyola,2724.0,1380.0,1344.0,94.52060019403652,28.81911450422489,942.0,2092.0,568.0,25.586,4.540391755,0.0,2.0
Llanes,13611.0,6632.0,6979.0,51.765744639062994,262.93449644939506,3828.0,10151.0,3488.0,26.197,2.681248111,2.23125985,4.0
Lleida,140080.0,69390.0,70690.0,661.4433314333885,211.7792913512908,51530.0,113536.0,24320.0,30.779,5.63026093691358,0.6035385503703704,34.0
Llerena,5697.0,2821.0,2876.0,35.01994570307757,162.67872167201403,2146.0,4679.0,1079.0,24.437,1.6537267075000002,2.9314130675,3.0
Llinars del Vallès,10116.0,5039.0,5077.0,365.1585875030126,27.703031905052875,3574.0,8087.0,1751.0,35.633,5.025965131666667,6.060519265,1.0
Llucmajor,38224.0,19355.0,18869.0,116.7684573842254,327.34867665695305,13801.0,31073.0,5285.0,33.867,6.996008433478261,5.275445355217391,1.0
Logroño,150808.0,71462.0,79346.0,1909.593737354832,78.97386603754742,52813.0,120908.0,30205.0,31.396,5.702081430825688,0.04780920128440367,1.0
Logrosán,1944.0,990.0,954.0,5.321605711090931,365.3032760297229,631.0,1425.0,582.0,20.058,0.0,0.847950575,1.0
Lominchar,2527.0,1328.0,1199.0,113.50452866840564,22.263428866194644,988.0,2006.0,339.0,23.134,3.97260274,3.71024557,1.0
Lora del Río,18578.0,9177.0,9401.0,63.13768978398002,294.2457993563428,7615.0,15784.0,3077.0,20.2,0.7135958376470588,0.0,1.0
Los Corrales de Buelna,10703.0,5200.0,5503.0,236.49785215011767,45.25622496227255,3540.0,8534.0,2376.0,26.733,3.2736999533333333,0.7840467644444444,4.0
Los Yébenes,5796.0,2969.0,2827.0,8.555495676221001,677.4592869130076,2394.0,4867.0,1116.0,25.248,1.265751365,0.0,1.0
Losar de la Vera,2658.0,1359.0,1299.0,32.38345973862468,82.07893849061864,859.0,2081.0,668.0,18.615,2.54260927,1.490694205,3.0
Lucena,42712.0,21254.0,21458.0,121.32354169230166,352.0503886073926,17941.0,36257.0,6273.0,21.759,2.9165805711111115,0.2060674011111111,1.0
Lugo,97613.0,45039.0,52574.0,295.989327810738,329.7855389651612,31726.0,77067.0,20958.0,27.8995,3.5921607185135134,0.41899907824324323,9.0
Lumbrales,1550.0,780.0,770.0,22.16052862082485,69.94417987589985,368.0,971.0,648.0,20.563,0.0,0.0,1.0
Madrid,3305408.0,1540894.0,1764514.0,5464.339267788275,604.9053395137898,1151419.0,2566304.0,657030.0,42.2235,12.283293973802703,0.4709571068112976,259.0
Madrigalejo,1694.0,860.0,834.0,16.78039887750854,100.95111638082322,525.0,1276.0,483.0,17.406,0.0,0.0,1.0
Majadahonda,72034.0,34119.0,37915.0,1871.359860991913,38.49286366643476,29495.0,60637.0,11148.0,60.171,11.08410173688889,1.7946511995555556,9.0
Málaga,577405.0,277234.0,300171.0,1459.1734682968663,395.7068933510295,219357.0,471883.0,99143.0,29.065,7.331427263233945,1.0344033321330275,23.0
Malpartida de Plasencia,4637.0,2282.0,2355.0,12.443559626433192,372.64256685441256,1645.0,3710.0,892.0,23.533,3.6287435566666666,1.89184822,2.0
Mancha Real,11315.0,5638.0,5677.0,115.811994519273,97.70145179666171,4789.0,9594.0,1728.0,21.774,2.3581982025,0.38277391125,3.0
Manresa,78192.0,38330.0,39862.0,1878.375596362118,41.62745733677321,27886.0,61012.0,15238.0,32.389,5.524273624038462,0.40512336403846155,1.0
Mansilla de las Mulas,1708.0,853.0,855.0,48.30602440628628,35.35790868721812,575.0,1317.0,426.0,22.082,3.58953488,2.67857143,1.0
Marbella,147958.0,70871.0,77087.0,1262.938778982495,117.15373893198884,55997.0,121254.0,20209.0,32.306,8.00041233935065,2.569490497272727,4.0
Maria de la Salut,2242.0,1157.0,1085.0,73.45703629431722,30.521242254003727,742.0,1655.0,488.0,30.459,0.0,3.9029227,1.0
Martos,24271.0,12017.0,12254.0,92.956119883126,261.1016900287577,9810.0,19997.0,4210.0,23.798,2.5671835364285718,0.4508382771428572,4.0
Mataró,129120.0,64086.0,65034.0,5776.922369065537,22.35100140715344,48291.0,105030.0,21958.0,31.326,8.242858280533333,1.1930033534666669,3.0
Meco,14903.0,7533.0,7370.0,426.4032126237077,34.95048714173643,6139.0,12893.0,1066.0,33.548,6.11788496,5.3047436160000006,2.0
Medina del Campo,20271.0,9862.0,10409.0,132.36627991477485,153.1432326499744,7000.0,16355.0,4228.0,24.965,3.9490024628571425,0.7960503521428571,9.0
Mejorada,1293.0,667.0,626.0,28.00242179592489,46.17457766414213,361.0,916.0,349.0,22.08,0.0,3.22580645,1.0
Mejorada del Campo,23737.0,11788.0,11949.0,1322.4958940533434,17.94863795550095,9520.0,20657.0,2584.0,27.209,7.47514015090909,3.5433735145454546,1.0
Melilla,86261.0,43603.0,42658.0,6332.720188569153,13.621476621642785,43740.0,77711.0,8673.0,31.599,6.457279822272727,2.7864132461363638,1.0
Mérida,59424.0,28920.0,30504.0,68.68355334203987,865.185289760303,23414.0,50199.0,9153.0,27.09,4.07415502195122,0.6600586924390244,3.0
Mieres,37026.0,17576.0,19450.0,253.5376289012539,146.03749415997194,9718.0,28289.0,10451.0,27.966,3.432588688857143,0.7278970882857143,1.0
Mieres,349.0,178.0,171.0,13.35169043459186,26.13901226288193,9718.0,28289.0,10451.0,27.966,3.432588688857143,0.7278970882857143,1.0
Mijas,86744.0,43088.0,43656.0,583.2407429679853,148.72760698880302,32225.0,69342.0,11288.0,26.858,7.035813725,4.7419913715625,1.0
Miño,6423.0,3214.0,3209.0,195.38729726903196,32.87317082418141,1861.0,4613.0,1443.0,30.505,2.6135919880000005,2.132573104,1.0
Miralcamp,1366.0,713.0,653.0,91.69717362502564,14.896860459254077,478.0,1058.0,289.0,27.201,4.0952381,0.0,2.0
Mollerussa,14545.0,7462.0,7083.0,2089.868386650793,6.9597684203021535,6105.0,12685.0,2055.0,29.945,4.686516699999999,0.6180349133333333,5.0
Mollet del Vallès,51151.0,25180.0,25971.0,4729.132800660807,10.81614794003091,19075.0,42624.0,8509.0,30.989,7.901805727096774,1.5835644964516131,1.0
Mondéjar,2745.0,1422.0,1323.0,56.61733417168573,48.48338481773258,1070.0,2140.0,497.0,26.247,3.766374025,2.5336157750000003,1.0
Mont-roig del Camp,12689.0,6514.0,6175.0,200.31678815194635,63.34466580192475,4134.0,9690.0,2119.0,30.285,5.27528814375,5.3916457475,2.0
Montalbán de Córdoba,4517.0,2232.0,2285.0,132.28572187483243,34.14578637801852,1499.0,3463.0,966.0,19.996,0.0,0.0,1.0
Montgat,12260.0,6036.0,6224.0,4274.734484825813,2.868014386278209,4363.0,10046.0,1773.0,38.522,10.0964511225,4.1193167825,2.0
Montijo,15483.0,7636.0,7847.0,129.36815813682526,119.68169156141592,5869.0,12700.0,2914.0,20.983,2.377826480909091,1.604913029090909,4.0
Montoro,9231.0,4558.0,4673.0,15.76829647759602,585.4151723437994,3771.0,7720.0,1716.0,19.594,0.45294117625,0.0,1.0
Moraleja,6685.0,3321.0,3364.0,53.30016304390565,125.42175517349312,2263.0,5251.0,1541.0,20.804,2.1148892679999998,0.7961267060000001,1.0
Moralzarzal,13573.0,6775.0,6798.0,311.64362458681506,43.55295256880491,4938.0,11101.0,1596.0,39.648,6.566288242000001,6.604335954,1.0
Morón de la Frontera,27582.0,13560.0,14022.0,63.8573307505264,431.93161498960137,10288.0,22709.0,5135.0,21.893,1.7445423014285713,1.0193583938095239,3.0
Móstoles,209639.0,101892.0,107747.0,4669.691817763179,44.89354076912485,75082.0,167725.0,39370.0,28.703,8.081355272058824,0.3679601393382353,27.0
Motril,58545.0,28786.0,29759.0,566.6877153073975,103.31086843525893,24690.0,51522.0,9070.0,23.735,4.242324069117648,1.0790365329411764,8.0
Mugardos,5226.0,2542.0,2684.0,424.02109801371495,12.324858419735907,1394.0,3780.0,1527.0,27.363,1.82898068,1.499518795,1.0
Murcia,460349.0,225606.0,234743.0,520.1020107459962,885.1129018703641,181345.0,378126.0,69056.0,28.996000000000002,4.620663612377261,0.6150109239018088,6.0
Muxía,4564.0,2193.0,2371.0,37.32233337163156,122.2860305799922,1215.0,3219.0,1517.0,21.375,0.5954593260000001,0.0,1.0
Nambroca,4954.0,2530.0,2424.0,60.35730052823882,82.07789209661915,1987.0,4057.0,553.0,33.045,1.6501650166666666,2.2071321266666666,2.0
Narón,38913.0,18851.0,20062.0,579.8776989149774,67.10552944665922,12613.0,31198.0,7917.0,27.138,2.9419373367857142,0.44584682464285713,1.0
Nava,5264.0,2585.0,2679.0,54.94238943528241,95.80944793455984,1473.0,4048.0,1286.0,26.54,0.9,1.3131642060000002,3.0
Navacerrada,3220.0,1611.0,1609.0,116.9899358660777,27.523735064578904,956.0,2363.0,548.0,40.517,7.87546431,6.43722537,2.0
Navaconcejo,2035.0,1030.0,1005.0,39.59616933082932,51.39386042617922,689.0,1550.0,453.0,15.59,2.70476805,0.0,4.0
Navia,8302.0,4008.0,4294.0,131.36758971206052,63.19671403119163,2395.0,6309.0,2100.0,30.135,2.7375512800000004,0.0,2.0
Negreira,6775.0,3268.0,3507.0,58.85870946892163,115.10615949840545,2073.0,5098.0,1779.0,22.862,1.2989370560000002,0.0,3.0
Nerja,21018.0,10357.0,10661.0,246.89769164380635,85.12837791258976,7043.0,16200.0,4861.0,24.204,7.381239401,4.225973869,2.0
Níjar,31458.0,17679.0,13779.0,52.44738114378882,599.8011590656032,14674.0,27256.0,2866.0,17.625,2.8065373736363637,3.35115084,1.0
Noia,14240.0,6810.0,7430.0,361.14937428068106,39.42966820408455,4274.0,10688.0,3583.0,24.577,2.3578352209999998,1.1498546319999998,1.0
Novelda,25611.0,12726.0,12885.0,338.2143941956854,75.72415733785088,9648.0,21162.0,4563.0,25.201,3.0533623472727274,0.3635618340909091,1.0
Nuñomoral,1224.0,650.0,574.0,12.915213359669734,94.7719535026946,308.0,869.0,442.0,17.41,0.0,0.0,1.0
O Vicedo,1657.0,812.0,845.0,21.807837010558647,75.98185914530333,399.0,1098.0,625.0,22.526,1.153100775,0.0,1.0
Ocaña,13023.0,6564.0,6459.0,88.08891020466628,147.83926795940928,4846.0,9790.0,1277.0,25.162,5.223045132,3.390444818,5.0
Olot,36299.0,18284.0,18015.0,1249.409525019887,29.052924019786243,13078.0,27672.0,6814.0,31.103,5.679672929047619,3.485481957142857,1.0
Onda,24939.0,12504.0,12435.0,230.4871665452964,108.20125204280676,9548.0,20859.0,3991.0,28.046,3.2492684757142856,1.052157265,2.0
Orcera,1761.0,889.0,872.0,13.942867529176649,126.30113542389728,593.0,1408.0,427.0,20.186,0.0,0.0,3.0
Orihuela,78940.0,39105.0,39835.0,216.057357035256,365.3659430218738,26420.0,59137.0,17641.0,23.884,2.3925592064285714,1.4716533404761905,9.0
Oviedo,217552.0,100622.0,116930.0,1165.5250215453389,186.6557954384828,67085.0,170979.0,49041.0,33.407,6.298212611675977,0.35543994899441345,56.0
Oza-Cesuras,5170.0,2611.0,2559.0,34.09769473599631,151.623153413422,1212.0,3392.0,1763.0,25.252,1.99948911,2.881239965,1.0
Padul,8934.0,4461.0,4473.0,100.21587324099568,89.14755428529595,3304.0,7080.0,1316.0,23.389,3.111435458,0.762711864,2.0
Palamós,18196.0,8887.0,9309.0,1303.172366062443,13.962849791681446,6285.0,14367.0,3531.0,32.588,6.954930890909091,5.029561091818182,1.0
Palencia,77090.0,36352.0,40738.0,809.6917123143819,95.20907627873557,25015.0,60502.0,18127.0,28.3795,5.33868069147541,0.2928995483606558,1.0
Pantoja,3408.0,1713.0,1695.0,120.9751962051285,28.171064043750853,1278.0,2733.0,505.0,23.632,3.8414353749999997,3.90550239,2.0
Paracuellos de Jarama,26235.0,13164.0,13071.0,598.8584836424781,43.80834657368308,10910.0,22781.0,1740.0,49.443,6.7004797027272724,7.970309320909092,2.0
Parla,131689.0,65505.0,66184.0,5269.436143926646,24.99109893413924,55267.0,114297.0,13959.0,25.948,7.172420881363636,0.8067460169696969,1.0
Peal de Becerro,5325.0,2659.0,2666.0,36.13606605818148,147.35970405373942,1936.0,4171.0,1106.0,18.624,0.625,0.0,3.0
Pedreguer,8006.0,3989.0,4017.0,270.61928328018524,29.583996760907095,2456.0,5811.0,1679.0,25.196,3.59248917,1.9987297666666668,3.0
Pedrola,3572.0,1850.0,1722.0,31.411584698724123,113.71600746221146,1316.0,2864.0,645.0,26.417,4.19146472,3.350538855,1.0
Pegalajar,2859.0,1434.0,1425.0,35.761062045899045,79.94729005336855,1081.0,2300.0,616.0,17.813,0.0,0.0,3.0
Peñafiel,5068.0,2560.0,2508.0,66.58525054464809,76.11295232120065,1693.0,3960.0,1130.0,26.676,3.740273355,0.858490565,4.0
Peníscola/Peñíscola,7882.0,4002.0,3880.0,99.93116174989744,78.87429568493023,2500.0,5807.0,1640.0,25.386,5.49881959,2.9049145149999998,1.0
Picanya,11692.0,5774.0,5918.0,1624.0859270754545,7.199126477903896,4246.0,9517.0,1892.0,31.798,5.2415243,2.203796908571429,5.0
Pinto,53537.0,26464.0,27073.0,863.1646657091376,62.024086627800486,21232.0,45346.0,6195.0,32.901,8.547456695517242,0.23215450103448276,14.0
Plasencia,39558.0,19023.0,20535.0,181.51377571032236,217.933872209956,14486.0,32677.0,7464.0,26.256,3.852867587272727,0.8915635815151516,14.0
Poio,17230.0,8546.0,8684.0,505.5846774131728,34.079355585215524,5977.0,13822.0,3196.0,30.063,4.7200458172727275,1.7927140154545453,1.0
Ponferrada,63747.0,30144.0,33603.0,225.12027925131943,283.1686252877921,20198.0,50165.0,15074.0,27.776,4.048506739565218,0.3574656010869565,15.0
Ponteceso,5457.0,2730.0,2727.0,59.05419400505172,92.40664599593364,1418.0,3773.0,1792.0,23.285,1.360522695,0.307471265,1.0
Pontevedra,83114.0,39314.0,43800.0,701.5727921738943,118.46810612832184,28166.0,66111.0,16691.0,29.378,3.640017746612903,0.32395797354838707,1.0
Portillo,2383.0,1232.0,1151.0,36.99008467206745,64.42266951066186,704.0,1823.0,631.0,26.918,1.749714965,1.23966942,6.0
Potes,1322.0,628.0,694.0,172.51786862412715,7.662974337344173,419.0,998.0,352.0,25.159,4.1875,3.98734177,2.0
Pozoblanco,17156.0,8321.0,8835.0,52.00160681205664,329.91288253851343,6569.0,14148.0,3074.0,25.709,3.214566875833333,0.0,1.0
Pradejón,3928.0,2034.0,1894.0,123.69508824491405,31.75550505467631,1625.0,3194.0,628.0,22.664,3.82690882,2.825590975,4.0
Pravia,7936.0,3868.0,4068.0,77.07796956029767,102.96067793783423,2294.0,6029.0,2253.0,25.376,2.0147058833333333,1.4910722749999998,1.0
Priego de Córdoba,22251.0,10867.0,11384.0,77.18759869512,288.2716961812515,8418.0,18011.0,4574.0,19.608,2.0749914229411766,0.0,11.0
Puebla de Don Fadrique,2227.0,1130.0,1097.0,4.260622263025526,522.6936026050281,871.0,1757.0,535.0,17.593,0.0,0.0,2.0
Puente de Génave,2166.0,1091.0,1075.0,55.76487521831009,38.841654204738646,825.0,1744.0,435.0,18.67,0.0,0.0,4.0
Puente Viesgo,2902.0,1464.0,1438.0,80.81007801027856,35.9113624371317,922.0,2267.0,601.0,27.269,2.54575382,2.083456865,2.0
Puigverd de Lleida,1384.0,711.0,673.0,110.00448118123523,12.581305644447555,450.0,1088.0,275.0,28.676,0.0,0.0,1.0
Purullena,2320.0,1169.0,1151.0,108.12745511967763,21.456160208636906,980.0,1897.0,415.0,19.204,0.0,0.0,2.0
Ramales de la Victoria,2902.0,1466.0,1436.0,89.23930000026004,32.519304835330885,867.0,2250.0,631.0,25.502,2.241593565,0.0,1.0
Redondela,29192.0,14150.0,15042.0,561.0311318846855,52.03276314085211,9208.0,22840.0,6354.0,25.916,2.1644858745,1.4877694905,5.0
Reus,106084.0,51298.0,54786.0,2004.866324678385,52.91325346442621,40244.0,85301.0,18176.0,30.767,5.696284951666667,0.3640826693939394,7.0
Rianxo,11004.0,5382.0,5622.0,187.34300364725644,58.73718145738265,3418.0,8286.0,2818.0,22.647,1.2205825444444445,0.0,3.0
Ribadesella,5686.0,2696.0,2990.0,67.3900985596354,84.37441288156447,1520.0,4186.0,1544.0,27.244,3.097626962,1.5642405620000002,3.0
Riosa,1836.0,933.0,903.0,39.49604532741704,46.48566672384034,452.0,1386.0,547.0,28.908,1.34079745,0.0,1.0
Ripollet,39139.0,19350.0,19789.0,8889.946143744857,4.402613847952159,15095.0,32637.0,5710.0,30.219,8.589233857,0.3767309205,1.0
Riudoms,6617.0,3364.0,3253.0,203.97706989398264,32.43992083737253,2528.0,5335.0,1230.0,30.078,4.9453002525,3.142726015,2.0
Rocafort,7445.0,3638.0,3807.0,3236.0737213283714,2.300627439644333,2948.0,6208.0,952.0,55.901,6.479343436666667,6.711552826666666,1.0
Roquetas de Mar,98725.0,50709.0,48016.0,1650.5589198523835,59.81307229482567,42762.0,86517.0,8408.0,24.592,5.11046263212766,1.7217132017021275,10.0
Rota,29326.0,14564.0,14762.0,348.31969704231454,84.19276959935293,11380.0,24463.0,4385.0,27.76,6.807627524500001,6.01180668,2.0
Ròtova,1271.0,645.0,626.0,166.02722613913693,7.655370926542224,376.0,942.0,320.0,23.105,3.36561491,0.0,1.0
Rus,3516.0,1792.0,1724.0,74.98430899106083,46.88980997903383,1303.0,2878.0,702.0,19.088,1.157407405,0.0,5.0
Sabadell,216204.0,105076.0,111128.0,5761.4503401837255,37.52596780919325,80040.0,172291.0,39443.0,33.377,7.497092358417722,1.6499812366455695,4.0
Sabiñánigo,9352.0,4685.0,4667.0,15.936650638285297,586.8234306105256,3019.0,7238.0,2007.0,29.423,4.623834338571428,0.7936507942857143,4.0
Sabiote,3867.0,1908.0,1959.0,34.54406816086054,111.94396624024226,1467.0,3102.0,856.0,17.929,0.0,0.0,2.0
Sacedón,1530.0,796.0,734.0,13.744040379191713,111.32097678615663,489.0,1157.0,362.0,22.426,3.70497427,3.125,1.0
Sada,136.0,78.0,58.0,10.747984291284428,12.653535427129608,4717.0,11940.0,3699.0,31.251,3.182333041,1.8188355090000001,2.0
Sada,16382.0,8006.0,8376.0,590.2214479538789,27.755684000965218,4717.0,11940.0,3699.0,31.251,3.182333041,1.8188355090000001,2.0
Salamanca,143269.0,64867.0,78402.0,3621.5975166327967,39.5596140493285,44713.0,105241.0,38737.0,28.604999999999997,5.664075920082644,0.27699819586776864,19.0
Salas,4878.0,2410.0,2468.0,21.477361003841366,227.12287599614956,1198.0,3337.0,1747.0,24.813,1.7217631525,1.6340477325,2.0
Salas de los Infantes,1980.0,1021.0,959.0,63.215562618241805,31.32140121819688,588.0,1464.0,491.0,25.856,3.58306277,4.17402913,2.0
Sallent de Gállego,1519.0,751.0,768.0,9.389004615815802,161.78498809567532,503.0,1233.0,230.0,29.433,7.24904321,0.0,1.0
Salvaterra de Miño,10048.0,5027.0,5021.0,159.17226457993578,63.12657564128534,3144.0,7541.0,2150.0,24.086,1.14475735625,0.84269868,3.0
San Agustín del Guadalix,13538.0,6640.0,6898.0,353.7419915876478,38.27083106316951,5799.0,12084.0,1189.0,47.907,9.266175376666666,7.686680329999999,1.0
San Cristóbal de Entreviñas,1362.0,720.0,642.0,32.02655303411337,42.527211671804125,399.0,984.0,417.0,28.014,0.0,0.0,2.0
San Fernando,94867.0,46277.0,48590.0,3171.8599447009037,29.90894984455112,36928.0,80136.0,15038.0,28.164,5.696243318873239,1.2484786563380281,2.0
San Fernando de Henares,39313.0,19140.0,20173.0,1011.3731347257536,38.8709158372693,15320.0,34421.0,5045.0,29.026,8.728224262173912,0.5731024608695653,2.0
San Fulgencio,8447.0,4275.0,4172.0,408.0290537290657,20.70195718368837,1700.0,4690.0,3253.0,20.12,1.626506025,5.633202275,1.0
San Mateo de Gállego,3415.0,1750.0,1665.0,47.68169980037416,71.6207688546624,1118.0,2541.0,593.0,28.95,4.950454195000001,3.584186815,1.0
San Miguel de Salinas,6553.0,3284.0,3269.0,119.47761128465032,54.84709586625194,1749.0,4143.0,1668.0,21.891,3.866533986666667,3.0218214833333334,1.0
San Roque,32178.0,16042.0,16136.0,230.69716260529424,139.48155944619992,12641.0,26124.0,4348.0,34.13,4.676988745789473,3.0674494484210526,2.0
Sant Andreu de la Barca,27175.0,13417.0,13758.0,4818.050033162135,5.640248609490834,10842.0,23356.0,3976.0,32.159,7.315361230714286,1.4987888514285714,1.0
Sant Boi de Llobregat,83755.0,40823.0,42932.0,3804.1798061975232,22.01657236694012,30489.0,67211.0,15693.0,31.552,9.8525923486,0.38446037419999995,6.0
Sant Cebrià de Vallalta,3570.0,1858.0,1712.0,226.7998250709849,15.740752881456784,1145.0,2846.0,498.0,34.827,3.803753685,7.20241412,1.0
Sant Cugat del Vallès,94012.0,45711.0,48301.0,1949.889925314723,48.21400366219439,38180.0,78316.0,12348.0,66.073,10.008892810980392,6.058912265686274,3.0
Sant Feliu de Codines,6406.0,3234.0,3172.0,426.16002599698857,15.031911979574703,2425.0,5185.0,999.0,32.381,6.5991132025,4.466864715,1.0
Sant Feliu de Pallerols,1456.0,736.0,720.0,43.02678096559946,33.839389499393256,471.0,1050.0,293.0,32.607,5.15463918,3.99375,1.0
Sant Guim de Freixenet,1059.0,551.0,508.0,42.09512728119974,25.157306044611104,351.0,789.0,251.0,28.589,3.47677432,3.06410256,1.0
Sant Joan de Vilatorrada,10871.0,5438.0,5433.0,664.107008685792,16.36934990569175,3942.0,8767.0,2053.0,30.333,5.628603162,4.883261794000001,1.0
Sant Julià del Llor i Bonmatí,1314.0,667.0,647.0,136.00453733255455,9.661442373698485,496.0,1082.0,193.0,30.614,5.71428571,5.59027778,1.0
Sant Llorenç des Cardassar,8920.0,4477.0,4443.0,108.67980622853294,82.07596525561463,3203.0,7024.0,1381.0,27.726,3.745071232,3.846826988,1.0
Sant Pol de Mar,5538.0,2750.0,2788.0,744.360873672774,7.439939679627145,1762.0,4075.0,1103.0,41.501,8.20889822,7.410436013333334,2.0
Sant Quintí de Mediona,2367.0,1214.0,1153.0,170.93551549374746,13.847327123113752,816.0,1775.0,404.0,29.004,5.46875,3.68073446,1.0
Santa Bárbara de Casa,1055.0,522.0,533.0,7.197474445004626,146.57919358535798,272.0,739.0,315.0,17.584,0.0,0.0,1.0
Santa Coloma de Gramenet,119289.0,58879.0,60410.0,16815.04566374627,7.094182340354304,44161.0,95460.0,23361.0,26.499,9.109850851363637,0.5741362514772728,1.0
Santa María del Camí,7507.0,3754.0,3753.0,199.56100889167027,37.61756889130131,2821.0,5982.0,1185.0,40.509,7.160568105,5.5543649175,2.0
Santa María del Páramo,3109.0,1513.0,1596.0,154.83541037318247,20.07938618502528,988.0,2360.0,736.0,24.954,3.31847434,1.201669825,1.0
Santander,172221.0,79453.0,92768.0,4772.920285626344,36.08294077708437,53717.0,130118.0,41926.0,33.046,7.338939489523809,0.3662220236054422,59.0
Santanyí,12342.0,6201.0,6141.0,99.0008953111458,124.66553924801224,4365.0,9980.0,2132.0,31.805,6.52901537125,5.4892443175,1.0
Santiago de Compostela,97858.0,45505.0,52353.0,444.7987471875608,220.0051160637277,31167.0,75588.0,20817.0,34.298,4.891195820266667,1.9474948962666667,10.0
Santo Tomé,2118.0,1077.0,1041.0,28.82489416265696,73.47815357268155,769.0,1649.0,505.0,16.469,0.0,0.0,3.0
Sarria,13257.0,6446.0,6811.0,71.80688201742637,184.6201871957445,3872.0,9788.0,3557.0,24.248,1.757506785,0.0,3.0
Sarrión,1194.0,619.0,575.0,8.501917505507402,140.43890677915263,445.0,911.0,222.0,25.058,2.69202899,2.02649007,2.0
Sedaví,10344.0,5034.0,5310.0,5727.211434683074,1.806114566917924,3641.0,8386.0,1859.0,28.04,5.204620488333333,1.128583055,2.0
Segovia,51258.0,23880.0,27378.0,313.3247025945346,163.59386788066837,18078.0,39906.0,11777.0,29.1735,6.03414812883721,0.2731202672093023,1.0
Segura de la Sierra,1771.0,873.0,898.0,7.875571453962229,224.8725708797936,591.0,1351.0,431.0,18.479,0.0,1.44141738,1.0
Setenil de las Bodegas,2698.0,1387.0,1311.0,32.8445015866408,82.14464734326755,1022.0,2191.0,541.0,19.76,0.0,0.0,1.0
Sevilla,684234.0,324312.0,359922.0,4818.377288501782,142.00506914076763,252647.0,557035.0,131676.0,29.923499999999997,7.339289246221805,0.33823257983082705,39.0
Sierra de Fuentes,1984.0,1021.0,963.0,78.68895239378006,25.21319625748156,685.0,1607.0,389.0,23.997,0.0,2.78449438,2.0
Sierra de Yeguas,3386.0,1714.0,1672.0,39.56788269513715,85.57445507227345,1277.0,2720.0,636.0,18.589,0.0,0.0,2.0
Siles,2209.0,1128.0,1081.0,12.54259748072409,176.11981915188375,768.0,1676.0,586.0,19.566,0.0,0.0,2.0
Sitges,30217.0,15109.0,15108.0,687.2066953477165,43.97075902281575,9673.0,23707.0,5262.0,57.011,12.178534473333334,4.103121800666667,2.0
Sonseca,11070.0,5614.0,5456.0,184.7092180220546,59.93203868514144,4256.0,8925.0,2096.0,24.113,0.7853598749999999,1.5087619825,1.0
Soto del Real,9091.0,4458.0,4633.0,212.09529642647368,42.86280814884334,3352.0,7362.0,1332.0,42.392,5.44727734,7.428951512499999,1.0
Talarrubias,3355.0,1667.0,1688.0,9.932211894518389,337.789813148432,1193.0,2574.0,846.0,20.338,0.0,1.0300310533333332,1.0
Talavera de la Reina,83477.0,40020.0,43457.0,446.10473530283184,187.1242185836311,31780.0,67625.0,15384.0,25.684,4.331834981451613,0.17459707887096773,5.0
Taradell,6687.0,3342.0,3345.0,251.76657670585547,26.56031665320124,2383.0,5210.0,1202.0,35.913,5.46895106,3.8523148025,1.0
Tarancón,15645.0,7735.0,7910.0,146.79228108721514,106.57917353777398,6067.0,12697.0,2293.0,25.491,4.74785775125,2.26613643375,1.0
Tarifa,18466.0,9275.0,9191.0,44.05316638985455,419.1753173105106,6814.0,15295.0,2874.0,26.255,7.05023159,3.4668633038461536,4.0
Tarragona,135436.0,66116.0,69320.0,2301.850960614458,58.83786670699418,50462.0,108373.0,23926.0,32.5405,6.400182158571428,0.5248983769047619,12.0
Tàrrega,17649.0,8752.0,8897.0,200.6369919370205,87.96483554508224,6787.0,14125.0,2670.0,29.292,4.684715551,1.638220631,2.0
Tembleque,1967.0,993.0,974.0,8.81777007130876,223.07227157126948,666.0,1503.0,493.0,22.595,0.0,2.25981817,1.0
Térmens,1330.0,682.0,648.0,48.23065077287601,27.575825303770653,461.0,1043.0,340.0,28.845,4.94200959,2.92397661,1.0
Terrassa,223011.0,109645.0,113366.0,3180.54466306847,70.11723576453329,85320.0,182199.0,36336.0,32.493,7.811066380510948,1.3993886764963503,4.0
Teruel,35994.0,17166.0,18828.0,81.72789806684135,440.4126479621711,13165.0,28901.0,6790.0,28.6525,4.902333017727273,1.16802978,1.0
Tiana,9009.0,4346.0,4663.0,1133.5318137244378,7.947725763778247,3257.0,7315.0,1394.0,52.908,8.607352516,7.969740863999999,1.0
Tineo,9096.0,4608.0,4488.0,16.817928476677608,540.8513903846094,2463.0,6510.0,3033.0,23.933,1.2712807625,0.22130249625,3.0
Tobarra,7691.0,3974.0,3717.0,23.64878375809044,325.2175705386475,2886.0,6077.0,1661.0,20.853,1.019491538,0.8184931499999999,1.0
Toledo,85449.0,40753.0,44696.0,368.0932171719754,232.13956686432965,32920.0,70285.0,13997.0,28.9775,6.181579467096775,1.7537399066129031,53.0
Tomelloso,35984.0,17902.0,18082.0,148.59961344731997,242.1540619468481,14581.0,30027.0,6064.0,23.952,2.9242997775,0.87640363125,7.0
Tomiño,13730.0,6892.0,6838.0,128.5576144508898,106.80036385744376,4398.0,10607.0,2857.0,24.334,0.99320031625,3.1088836025,1.0
Toreno,3017.0,1503.0,1514.0,29.14218224225614,103.52690731668515,823.0,2270.0,887.0,25.542,0.8409785933333334,0.0,1.0
Torija,1577.0,829.0,748.0,44.96099581530624,35.07484590595158,637.0,1274.0,150.0,25.944,0.0,3.28634085,1.0
Torregrossa,2157.0,1125.0,1032.0,53.25035462000672,40.50677249742845,756.0,1674.0,516.0,26.298,3.71863454,1.51901712,2.0
Torrejón de Ardoz,132771.0,65240.0,67531.0,4098.579141828619,32.394397035057125,51677.0,111816.0,17913.0,30.205,8.224916239743589,0.6323014069230769,1.0
Torrelavega,51237.0,24160.0,27077.0,1441.950826917601,35.53311183955366,15774.0,38960.0,12727.0,27.0,5.42624944787234,0.6410563934042554,5.0
Torremolinos,68056.0,34047.0,34009.0,3417.770498709721,19.91239611486276,24133.0,56473.0,11789.0,29.403,8.540392758604652,1.485394953255814,10.0
Torrent,84025.0,41389.0,42636.0,1213.6203588517462,69.23499543094296,32226.0,68752.0,12658.0,28.576,4.702760055818183,1.2137876527272728,32.0
Torrent,160.0,88.0,72.0,20.21301990010577,7.915690025079467,32226.0,68752.0,12658.0,28.576,4.702760055818183,1.2137876527272728,32.0
Torres,1350.0,696.0,654.0,16.866832874631264,80.03873697180468,461.0,1031.0,403.0,15.035,0.0,0.0,2.0
Torrevieja,82842.0,40721.0,42121.0,1154.3911151398245,71.76250658336527,28209.0,64058.0,18541.0,22.106,5.416961845151515,2.848909162121212,5.0
Tremp,5893.0,2892.0,3001.0,19.49422657778184,302.29462946308576,2013.0,4479.0,1345.0,29.268,2.855997502,0.0,4.0
Tres Cantos,48751.0,23678.0,25073.0,1283.367331888641,37.98678584739772,19597.0,41116.0,5634.0,49.684,8.3544387812,2.6385573304000003,5.0
Trescasas,1072.0,551.0,521.0,32.79707731348456,32.68583934335045,430.0,954.0,98.0,34.288,0.0,3.85856808,1.0
Turre,3892.0,2021.0,1871.0,36.0517740923334,107.9558523259374,1151.0,2569.0,815.0,18.805,4.3040597300000005,3.16131772,1.0
Úbeda,34208.0,16725.0,17483.0,84.6901793965626,403.9193238665927,13211.0,28535.0,6067.0,25.592,3.133946396296296,0.22819584925925926,8.0
Utrera,51145.0,25205.0,25940.0,78.53156124280248,651.2668179596074,21262.0,44725.0,7892.0,23.662,2.8646626048571426,1.3052553094285715,6.0
Utrillas,3003.0,1539.0,1464.0,75.4136213621678,39.82039246700985,1052.0,2456.0,514.0,27.223,1.77570922,0.0,1.0
Vacarisses,7082.0,3653.0,3429.0,174.85151736160952,40.50293704545756,2558.0,5678.0,808.0,34.936,1.5264447375,7.18463318,1.0
Valdepeñas,30218.0,14768.0,15450.0,61.76268825914081,489.2597918214444,11610.0,24989.0,5221.0,26.097,3.7088498523809528,0.9126488652380952,13.0
Valdepeñas de Jaén,3649.0,1819.0,1830.0,19.853441612905076,183.79684848334247,1353.0,2943.0,856.0,17.033,0.0,0.0,3.0
València,789744.0,374937.0,414807.0,5667.730292264365,139.3404342260052,276471.0,627514.0,163899.0,32.2035,6.829750186542373,0.28441405805084746,33.0
Valencia de Alcántara,5325.0,2618.0,2707.0,8.952920476923182,594.7779848738278,1626.0,3914.0,1525.0,20.809,1.141438216,1.11415851,4.0
Valladolid,297775.0,139534.0,158241.0,1508.7932540421416,197.35971061790212,90043.0,222279.0,76587.0,31.061,5.895069255387597,0.5081099041472869,18.0
Valldemossa,2042.0,1040.0,1002.0,47.614588032714586,42.88601633173854,651.0,1545.0,400.0,46.046,7.10456928,5.94254539,2.0
Vallfogona de Balaguer,1912.0,959.0,953.0,70.53590940137389,27.106760460406832,701.0,1548.0,336.0,30.692,4.28228022,2.41354512,1.0
Vallirana,15438.0,7724.0,7714.0,647.3798613871166,23.846895649366623,5539.0,12390.0,2487.0,34.507,3.016590125,6.4696141019999995,2.0
Valls,24553.0,12297.0,12256.0,441.8621908032864,55.5670987720486,9145.0,19795.0,4361.0,30.822,4.992447142666666,2.3619781133333335,2.0
Vegadeo,3914.0,1872.0,2042.0,47.01576093018612,83.2486792208237,993.0,2714.0,1152.0,24.775,2.2770995166666665,2.094108493333333,4.0
Vélez de Benaudalla,2923.0,1475.0,1448.0,36.94904625318556,79.10894316380342,1030.0,2325.0,545.0,21.578,2.19837165,0.0,1.0
Vélez-Málaga,82967.0,40919.0,42048.0,524.4809952657531,158.18876327055634,31901.0,67908.0,12909.0,25.01,4.5728818191836735,1.9319476481632651,1.0
Venta de Baños,6399.0,3230.0,3169.0,449.0484218555905,14.250133590398978,2104.0,5048.0,1315.0,25.979,4.038513374,1.931499428,2.0
Vigo,293837.0,138634.0,155203.0,2681.55747686209,109.5769911834382,94833.0,229011.0,64631.0,30.888,5.604136218565574,1.2313032040983607,25.0
Vila-real,51130.0,25400.0,25730.0,927.555239706107,55.12340161670628,19585.0,42432.0,8145.0,28.907,4.136999484375,1.2088285590625,1.0
Vilagarcía de Arousa,37545.0,17999.0,19546.0,853.0425906769107,44.01304273706557,12707.0,29839.0,7680.0,25.69,3.0840360334615387,0.5574297884615385,1.0
Vilanova de Bellpuig,1178.0,601.0,577.0,84.71023857179554,13.906229280674198,376.0,807.0,363.0,29.164,0.0,2.34053572,1.0
Vilanova de la Barca,1127.0,625.0,502.0,52.50307173003394,21.46541074386909,337.0,790.0,249.0,27.936,4.4375,0.0,2.0
Vilanova i la Geltrú,67458.0,32616.0,34842.0,1986.0752920009547,33.96547969338897,23565.0,53843.0,12431.0,36.052,7.389735880769231,2.4866114887179487,5.0
Villacañas,9434.0,4705.0,4729.0,35.13469438771952,268.5095221234492,3609.0,7897.0,1792.0,25.767,0.51424050625,1.3841988462500001,2.0
Villadiego,1484.0,825.0,659.0,4.524908745690767,327.9624150240083,316.0,975.0,552.0,23.573,1.62838523,0.0,1.0
Villafranca de los Barros,12534.0,6175.0,6359.0,120.03785474545629,104.41706098945794,4966.0,10353.0,2573.0,21.706,1.30210021,0.789802797,5.0
Villalpando,1451.0,715.0,736.0,11.43211721600795,126.92312128922376,425.0,1048.0,471.0,21.52,3.37719298,0.0,3.0
Villanueva de Gállego,4725.0,2366.0,2359.0,62.18136274187531,75.9873986617859,1795.0,3959.0,702.0,37.697,6.6892768700000005,4.200158383333333,1.0
Villanueva de la Reina,3026.0,1527.0,1499.0,14.460569400553162,209.2587031797134,1186.0,2529.0,617.0,19.796,0.0,0.0,3.0
Villanueva del Trabuco,5360.0,2688.0,2672.0,90.85799917132309,58.99315469068508,2036.0,4262.0,1038.0,18.722,0.0,0.0,3.0
Villares de la Reina,6491.0,3211.0,3280.0,300.219566090379,21.620842653692765,2585.0,5725.0,591.0,28.908,4.48914506,2.71604954,4.0
Villarrubia de los Ojos,9722.0,4859.0,4863.0,34.4933713015138,281.8512552750486,3852.0,7997.0,1905.0,20.849,1.0953532685714287,0.7236546185714285,1.0
Villaviciosa de Odón,28030.0,13559.0,14471.0,410.8125958844617,68.23062457384644,10567.0,22462.0,5134.0,51.758,9.60568471125,6.93164966,10.0
Vinaròs,28862.0,14267.0,14595.0,302.507897520772,95.4090793547569,10323.0,23170.0,5268.0,25.584,4.853054129411765,2.1467141541176473,1.0
Vinyols i els Arcs,2193.0,1154.0,1039.0,200.93320322981924,10.91407475095958,734.0,1643.0,331.0,35.627,6.55737705,4.76821192,2.0
Vitigudino,2410.0,1164.0,1246.0,46.056806784347145,52.32668455032931,790.0,1891.0,647.0,22.972,3.03978847,1.379310345,4.0
Yunquera de Henares,4364.0,2241.0,2123.0,140.54511251192918,31.050528346402604,1676.0,3441.0,496.0,25.521,5.63654054,4.51374891,1.0
Zafra,16786.0,8068.0,8718.0,268.14854934912773,62.59963009587173,6281.0,13825.0,2951.0,26.735,4.1667786754545455,0.70582893,1.0
Zamora,60297.0,27979.0,32318.0,403.9052152748513,149.28502460402453,18978.0,46689.0,15138.0,26.234,4.314044375918367,0.4993564326530612,4.0
Zaragoza,675301.0,323111.0,352190.0,693.3294142046811,973.9973325300766,229806.0,525500.0,141380.0,31.572000000000003,6.836271144786151,0.44533908955193485,9.0
Zaratán,6249.0,3203.0,3046.0,309.9850642011056,20.15903577840094,2435.0,5777.0,435.0,31.052,6.2026410875,2.1519604825,2.0
Zuera,8591.0,4427.0,4164.0,25.85650305991481,332.2568399946773,3410.0,7100.0,1265.0,30.301,3.601892245,4.0585265075,5.0
